I,V,L,F,C,M,A,G,T,S,W,Y,P,H,E,Q,D,N,K,R,hdHydro_mean,helical_mean,Cytoplasm,Mitochindria,Golgi apparatus,Endoplasmic reticulum,Vesicles,Nuleus Nuleoli
0.054913295,0.075144509,0.092485549,0.057803468,0.01734104,0.023121387,0.049132948,0.054913295,0.075144509,0.057803468,0.023121387,0.028901734,0.043352601,0.037572254,0.046242775,0.023121387,0.049132948,0.052023121,0.060693642,0.060693642,-0.227647059,1.016617647,1,1,5,2,1,1
0.057574667,0.061173084,0.083483267,0.035264484,0.030586542,0.018351925,0.043181,0.078085642,0.068010076,0.078085642,0.013673983,0.040662109,0.048938467,0.030946384,0.052536884,0.045699892,0.055055775,0.049298309,0.037783375,0.052177042,-0.360990826,0.995170642,4,1,4,4,0,4
0.069860279,0.071856287,0.077844311,0.0499002,0.00998004,0.027944112,0.063872255,0.051896208,0.107784431,0.069860279,0.015968064,0.03992016,0.051896208,0.021956088,0.037924152,0.021956088,0.051896208,0.037924152,0.061876248,0.03992016,-0.073170732,0.998313008,1,1,0,1,0,1
0.064046579,0.0713246,0.08588064,0.050946143,0.018922853,0.023289665,0.062590975,0.048034934,0.043668122,0.048034934,0.021834061,0.043668122,0.049490539,0.024745269,0.069868996,0.045123726,0.064046579,0.037845706,0.055312955,0.052401747,-0.277893175,1.036795252,5,2,1,2,2,5
0.04835924,0.069084629,0.113989637,0.037996546,0.018998273,0.02417962,0.067357513,0.069084629,0.051813472,0.081174439,0.010362694,0.029360967,0.037996546,0.017271157,0.075993092,0.03626943,0.034542314,0.03626943,0.055267703,0.065630397,-0.18556338,1.036848592,1,2,2,5,1,5
0.051118211,0.111821086,0.134185304,0.031948882,0.009584665,0.025559105,0.118210863,0.083067093,0.047923323,0.086261981,0,0.015974441,0.025559105,0.067092652,0.047923323,0.019169329,0.031948882,0.019169329,0.031948882,0.022364217,0.543648208,1.048566775,2,1,2,1,1,1
0.066744731,0.057377049,0.06440281,0.022248244,0.040983607,0.025761124,0.06440281,0.078454333,0.048009368,0.129976581,0.009367681,0.018735363,0.036299766,0.029274005,0.058548009,0.026932084,0.052693208,0.045667447,0.055035129,0.050351288,-0.328639618,1.0074821,4,1,1,1,1,2
0.028301887,0.066037736,0.097484277,0.006289308,0.022012579,0.025157233,0.106918239,0.075471698,0.047169811,0.062893082,0.022012579,0.018867925,0.06918239,0.031446541,0.056603774,0.056603774,0.034591195,0.01572327,0.053459119,0.08490566,-0.452564103,1.032852564,2,4,0,1,0,5
0.070422535,0.098591549,0.082159624,0.05399061,0.009389671,0.025821596,0.035211268,0.056338028,0.070422535,0.072769953,0.009389671,0.028169014,0.063380282,0.023474178,0.05399061,0.037558685,0.046948357,0.042253521,0.063380282,0.037558685,-0.0715311,1.001674641,2,1,3,1,1,1
0.020408163,0.046382189,0.083487941,0.017316017,0.016697588,0.024737168,0.09152752,0.086580087,0.050092764,0.116264688,0.002473717,0.023500309,0.107606679,0.042053185,0.043908472,0.058132344,0.039579468,0.030921459,0.029684601,0.049474335,-0.549180328,0.982452711,4,2,1,1,1,5
0.02955665,0.093596059,0.140394089,0.078817734,0.019704433,0.012315271,0.054187192,0.041871921,0.054187192,0.081280788,0.022167488,0.0591133,0.066502463,0.007389163,0.014778325,0.034482759,0.049261084,0.039408867,0.039408867,0.044334975,0.272681704,0.993132832,1,0,0,0,5,0
0.064039409,0.068965517,0.088669951,0.02955665,0.009852217,0.019704433,0.103448276,0.034482759,0.0591133,0.054187192,0.019704433,0.02955665,0.064039409,0.009852217,0.078817734,0.044334975,0.049261084,0.049261084,0.068965517,0.039408867,-0.269,1.04695,5,2,1,2,2,4
0.046548957,0.054574639,0.130016051,0.070626003,0.02247191,0.020866774,0.081861958,0.056179775,0.04494382,0.070626003,0.024077047,0.060995185,0.059390048,0.025682183,0.041733547,0.024077047,0.028892456,0.027287319,0.040128411,0.04975923,0.181178396,1.018854337,3,1,1,4,1,2
0.051707317,0.071219512,0.102926829,0.04097561,0.017560976,0.028780488,0.064390244,0.044878049,0.057560976,0.053170732,0.009756098,0.028292683,0.04195122,0.033658537,0.074634146,0.044390244,0.054634146,0.042926829,0.062439024,0.055121951,-0.324813526,1.055415216,4,2,1,2,2,3
0.060267857,0.075892857,0.107142857,0.069196429,0.015625,0.029017857,0.042410714,0.044642857,0.078125,0.09375,0.015625,0.051339286,0.022321429,0.011160714,0.049107143,0.03125,0.044642857,0.049107143,0.037946429,0.053571429,0.064318182,1.016431818,0,0,0,1,0,1
0.032,0.056,0.128,0.028,0.068,0.008,0.068,0.072,0.076,0.076,0.02,0.02,0.064,0.032,0.06,0.028,0.036,0.012,0.044,0.056,-0.040243902,1.019186992,5,1,1,5,4,1
0.070304302,0.077649528,0.093389297,0.032528856,0.012591815,0.020986359,0.084994753,0.0818468,0.06610703,0.045120672,0.00524659,0.016789087,0.056663169,0.022035677,0.064008395,0.032528856,0.048268625,0.039874082,0.065057712,0.045120672,-0.094973262,1.022427807,5,4,0,1,1,2
0.053022269,0.050901379,0.113467656,0.045599152,0.018027572,0.02757158,0.054082715,0.037115589,0.044538706,0.057264051,0.01378579,0.030752916,0.031813362,0.022269353,0.094379639,0.066808059,0.048780488,0.047720042,0.075291622,0.047720042,-0.479783784,1.081621622,5,2,1,1,1,3
0.089622642,0.037735849,0.061320755,0.047169811,0.014150943,0.023584906,0.094339623,0.099056604,0.070754717,0.047169811,0.009433962,0.033018868,0.009433962,0.028301887,0.075471698,0.051886792,0.047169811,0.051886792,0.056603774,0.051886792,-0.353773585,1.038018868,5,2,4,2,4,5
0.038095238,0.066666667,0.098412698,0.044444444,0.031746032,0.019047619,0.041269841,0.073015873,0.06031746,0.038095238,0.015873016,0.050793651,0.044444444,0.031746032,0.06031746,0.044444444,0.079365079,0.044444444,0.034920635,0.063492063,-0.445631068,1.014368932,5,1,0,1,0,4
0.058171745,0.08033241,0.130193906,0.04432133,0.008310249,0.011080332,0.060941828,0.063711911,0.038781163,0.066481994,0.005540166,0.038781163,0.052631579,0.041551247,0.063711911,0.011080332,0.060941828,0.063711911,0.049861496,0.030470914,-0.039265537,1.020706215,2,2,1,3,1,2
0.076363636,0.069090909,0.098181818,0.034545455,0.009090909,0.02,0.054545455,0.056363636,0.045454545,0.056363636,0.009090909,0.025454545,0.049090909,0.023636364,0.085454545,0.036363636,0.054545455,0.056363636,0.072727273,0.049090909,-0.357962963,1.040333333,3,1,0,0,0,2
0.049707602,0.064327485,0.090643275,0.035087719,0.020467836,0.049707602,0.116959064,0.105263158,0.038011696,0.090643275,0.005847953,0.026315789,0.040935673,0.005847953,0.040935673,0.023391813,0.043859649,0.040935673,0.058479532,0.035087719,0.12202381,1.021041667,1,5,0,1,0,3
0.089430894,0.081300813,0.081300813,0.056910569,0.016260163,0.048780488,0.040650407,0.081300813,0.040650407,0.040650407,0,0.024390244,0.056910569,0.032520325,0.073170732,0.032520325,0.073170732,0.024390244,0.056910569,0.032520325,0.019008264,1.031239669,2,2,0,1,0,5
0.055232558,0.066860465,0.078488372,0.055232558,0.020348837,0.029069767,0.055232558,0.063953488,0.049418605,0.052325581,0.00872093,0.026162791,0.049418605,0.049418605,0.066860465,0.040697674,0.043604651,0.046511628,0.075581395,0.049418605,-0.409467456,1.03852071,4,4,1,1,1,2
0.025806452,0.051612903,0.109677419,0.016129032,0.058064516,0.009677419,0.083870968,0.093548387,0.038709677,0.051612903,0.016129032,0.025806452,0.103225806,0.019354839,0.074193548,0.048387097,0.058064516,0.022580645,0.003225806,0.070967742,-0.321052632,0.997401316,0,1,0,1,0,1
0.020408163,0.036734694,0.097959184,0.028571429,0.008163265,0.020408163,0.065306122,0.06122449,0.032653061,0.085714286,0.012244898,0.032653061,0.102040816,0.040816327,0.048979592,0.081632653,0.028571429,0.028571429,0.040816327,0.110204082,-0.915352697,1.006348548,0,3,0,0,0,1
0.080745342,0.066252588,0.070393375,0.031055901,0.02484472,0.02484472,0.064182195,0.057971014,0.047619048,0.064182195,0.016563147,0.022774327,0.051759834,0.02484472,0.060041408,0.028985507,0.070393375,0.047619048,0.074534161,0.051759834,-0.348523207,1.024198312,3,2,1,1,1,2
0.048672566,0.048672566,0.10619469,0.026548673,0.013274336,0.013274336,0.084070796,0.097345133,0.03539823,0.044247788,0.026548673,0.044247788,0.048672566,0.044247788,0.053097345,0.053097345,0.03539823,0.061946903,0.066371681,0.030973451,-0.406756757,1.023873874,3,5,1,2,2,3
0.036474164,0.079027356,0.097264438,0.039513678,0.003039514,0.015197568,0.075987842,0.05775076,0.066869301,0.039513678,0.021276596,0.027355623,0.088145897,0.024316109,0.048632219,0.054711246,0.030395137,0.030395137,0.042553191,0.103343465,-0.439009288,1.003931889,1,1,5,2,0,2
0.042918455,0.077253219,0.145922747,0.055793991,0.025751073,0.025751073,0.068669528,0.08583691,0.066523605,0.087982833,0.017167382,0.0472103,0.030042918,0.010729614,0.040772532,0.0472103,0.019313305,0.02360515,0.030042918,0.032188841,0.443107221,1.01833698,0,0,1,1,1,0
0.047493404,0.081794195,0.079155673,0.039577836,0.015831135,0.018469657,0.071240106,0.07651715,0.052770449,0.050131926,0.013192612,0.044854881,0.036939314,0.031662269,0.07651715,0.026385224,0.047493404,0.050131926,0.068601583,0.052770449,-0.380376344,1.024973118,4,2,2,1,1,2
0.024447031,0.064027939,0.071012806,0.040745052,0.065192084,0.010477299,0.044237485,0.083818393,0.047729919,0.09895227,0.016298021,0.033760186,0.052386496,0.019790454,0.08032596,0.043073341,0.034924331,0.04540163,0.055878929,0.048894063,-0.486476868,1.003689205,1,1,0,0,0,1
0.05136612,0.073224044,0.108196721,0.05136612,0.018579235,0.025136612,0.100546448,0.071038251,0.057923497,0.072131148,0.015300546,0.018579235,0.059016393,0.017486339,0.061202186,0.03715847,0.028415301,0.015300546,0.034972678,0.064480874,0.132516704,1.029008909,1,1,1,1,1,1
0.04519774,0.06779661,0.115819209,0.048022599,0.011299435,0.036723164,0.033898305,0.09039548,0.04519774,0.062146893,0.02259887,0.036723164,0.050847458,0.028248588,0.048022599,0.048022599,0.050847458,0.033898305,0.04519774,0.062146893,-0.22816092,1.01204023,1,1,5,2,1,0
0.023255814,0.059431525,0.100775194,0.03875969,0.020671835,0.010335917,0.100775194,0.062015504,0.051679587,0.069767442,0.018087855,0.033591731,0.080103359,0.036175711,0.049095607,0.085271318,0.043927649,0.015503876,0.020671835,0.062015504,-0.366842105,1.021526316,5,2,1,1,2,3
0.049678013,0.061637534,0.107175713,0.04323827,0.015179393,0.024379025,0.057957682,0.042778289,0.053357866,0.089696412,0.007359706,0.030358786,0.053357866,0.028518859,0.069457222,0.042318307,0.053357866,0.041398344,0.05473781,0.058417663,-0.354345794,1.036397196,3,1,1,1,1,2
0.025986526,0.055822907,0.110683349,0.028873917,0.028873917,0.016361886,0.059672762,0.059672762,0.056785371,0.10105871,0.011549567,0.027911453,0.067372474,0.025986526,0.08373436,0.04427334,0.063522618,0.024061598,0.043310876,0.045235804,-0.454367026,1.02595682,2,0,1,1,2,2
0.043312102,0.063694268,0.085350318,0.044585987,0.017834395,0.024203822,0.070063694,0.05477707,0.05477707,0.075159236,0.022929936,0.038216561,0.05477707,0.01910828,0.070063694,0.036942675,0.047133758,0.059872611,0.050955414,0.047133758,-0.378311688,1.021792208,2,2,1,1,4,2
0.066666667,0.096296296,0.140740741,0.077777778,0.011111111,0.014814815,0.103703704,0.085185185,0.037037037,0.085185185,0.022222222,0.037037037,0.033333333,0.014814815,0.025925926,0.018518519,0.037037037,0.007407407,0.011111111,0.055555556,0.813207547,1.010113208,2,3,4,4,2,2
0.036789298,0.060200669,0.113712375,0.030100334,0.016722408,0.013377926,0.066889632,0.056856187,0.050167224,0.060200669,0.02006689,0.030100334,0.086956522,0.026755853,0.063545151,0.063545151,0.040133779,0.030100334,0.050167224,0.066889632,-0.460544218,1.020782313,1,1,0,1,1,1
0.056741028,0.061590689,0.099418041,0.03685742,0.01842871,0.027643065,0.048496605,0.046071775,0.0528613,0.085838991,0.019883608,0.032977692,0.043646945,0.033462658,0.069835112,0.049951503,0.042677013,0.039767216,0.068380213,0.046071775,-0.369881306,1.04264095,2,2,1,2,1,2
0.070422535,0.070422535,0.063380282,0.049295775,0,0.014084507,0.063380282,0.049295775,0.035211268,0.042253521,0.007042254,0.042253521,0.091549296,0.049295775,0.056338028,0.049295775,0.070422535,0.042253521,0.049295775,0.070422535,-0.592857143,1.003642857,5,0,1,0,0,2
0.03125,0.073660714,0.089285714,0.015625,0.040178571,0.022321429,0.073660714,0.078125,0.055803571,0.075892857,0.011160714,0.011160714,0.071428571,0.022321429,0.087053571,0.040178571,0.051339286,0.022321429,0.044642857,0.064732143,-0.408636364,1.022954545,3,3,2,3,2,3
0.059970015,0.059970015,0.110944528,0.031484258,0.020989505,0.023988006,0.070464768,0.044977511,0.049475262,0.08095952,0.016491754,0.028485757,0.043478261,0.032983508,0.070464768,0.034482759,0.050974513,0.026986507,0.065967016,0.056971514,-0.246636086,1.050825688,2,5,1,5,1,3
0.054347826,0.054347826,0.123188406,0.050724638,0.014492754,0.003623188,0.061594203,0.079710145,0.061594203,0.047101449,0.014492754,0.036231884,0.065217391,0.032608696,0.06884058,0.028985507,0.061594203,0.014492754,0.047101449,0.061594203,-0.218081181,1.013837638,4,2,1,4,1,4
0.066757493,0.059945504,0.096730245,0.038147139,0.023160763,0.027247956,0.061307902,0.072207084,0.054495913,0.066757493,0.010899183,0.039509537,0.047683924,0.017711172,0.069482289,0.027247956,0.034059946,0.050408719,0.080381471,0.036784741,-0.184722222,1.025416667,2,4,5,5,1,2
0.069868996,0.096069869,0.100436681,0.061135371,0.030567686,0.021834061,0.069868996,0.082969432,0.043668122,0.082969432,0.026200873,0.030567686,0.048034934,0.017467249,0.034934498,0.034934498,0.026200873,0.034934498,0.030567686,0.03930131,0.441333333,0.998,2,2,2,5,1,2
0.06031746,0.068253968,0.1,0.044444444,0.028571429,0.017460317,0.053968254,0.034920635,0.066666667,0.058730159,0.00952381,0.041269841,0.050793651,0.025396825,0.065079365,0.042857143,0.063492063,0.038095238,0.066666667,0.044444444,-0.266504854,1.03697411,5,5,1,2,2,2
0.022360248,0.080745342,0.086956522,0.039751553,0.037267081,0.026086957,0.074534161,0.065838509,0.047204969,0.079503106,0.019875776,0.017391304,0.048447205,0.047204969,0.060869565,0.029813665,0.064596273,0.031055901,0.034782609,0.067080745,-0.329493671,1.029367089,4,2,0,1,5,2
0.018552876,0.042671614,0.096474954,0.031539889,0.003710575,0.038961039,0.072356215,0.064935065,0.042671614,0.118738404,0.009276438,0.029684601,0.087198516,0.024118738,0.070500928,0.042671614,0.029684601,0.037105751,0.031539889,0.089053803,-0.648960302,1.007731569,4,0,0,0,0,4
0.046948357,0.098591549,0.089201878,0.023474178,0.037558685,0.018779343,0.051643192,0.084507042,0.051643192,0.061032864,0.009389671,0.042253521,0.046948357,0.042253521,0.0657277,0.046948357,0.056338028,0.023474178,0.046948357,0.037558685,-0.168899522,1.014497608,4,1,1,0,1,2
0.063758389,0.083892617,0.110738255,0.020134228,0.013422819,0.036912752,0.05033557,0.080536913,0.05033557,0.067114094,0.006711409,0.023489933,0.036912752,0.023489933,0.087248322,0.036912752,0.040268456,0.023489933,0.053691275,0.073825503,-0.183617747,1.040511945,4,1,0,2,0,5
0.054487179,0.064102564,0.108974359,0.044871795,0.025641026,0.032051282,0.067307692,0.073717949,0.028846154,0.064102564,0.019230769,0.028846154,0.057692308,0.025641026,0.054487179,0.057692308,0.044871795,0.041666667,0.054487179,0.032051282,-0.083660131,1.035457516,4,2,5,2,5,5
0.019138756,0.038277512,0.114832536,0.0215311,0.004784689,0.0215311,0.088516746,0.059808612,0.055023923,0.114832536,0.004784689,0.009569378,0.04784689,0.011961722,0.088516746,0.055023923,0.057416268,0.023923445,0.086124402,0.057416268,-0.725365854,1.060682927,4,0,0,0,0,4
0.069565217,0.054347826,0.095652174,0.036956522,0.013043478,0.023913043,0.052173913,0.058695652,0.060869565,0.073913043,0.008695652,0.036956522,0.045652174,0.02826087,0.058695652,0.056521739,0.060869565,0.047826087,0.034782609,0.063043478,-0.374722838,1.020509978,5,1,1,1,1,5
0.057971014,0.036231884,0.086956522,0.028985507,0.007246377,0.014492754,0.130434783,0.057971014,0.072463768,0.043478261,0,0.02173913,0.043478261,0.014492754,0.050724638,0.057971014,0.028985507,0.007246377,0.094202899,0.130434783,-0.618382353,1.054044118,1,1,1,1,1,5
0.060408922,0.066914498,0.064126394,0.037174721,0.027881041,0.033457249,0.067843866,0.072490706,0.063197026,0.074349442,0.013011152,0.036245353,0.04739777,0.014869888,0.057620818,0.043680297,0.05204461,0.045539033,0.045539033,0.05669145,-0.293459716,1.009118483,4,2,1,2,1,4
0.056962025,0.069620253,0.113924051,0.063291139,0.082278481,0.03164557,0.037974684,0.069620253,0.025316456,0.056962025,0.012658228,0.03164557,0.050632911,0.018987342,0.044303797,0.050632911,0.03164557,0.037974684,0.069620253,0.025316456,0.250967742,1.037354839,2,1,3,4,0,1
0.05,0.067307692,0.098076923,0.038461538,0.023076923,0.023076923,0.065384615,0.05,0.05,0.082692308,0.013461538,0.026923077,0.067307692,0.026923077,0.061538462,0.023076923,0.055769231,0.030769231,0.065384615,0.061538462,-0.291372549,1.022431373,5,1,2,4,2,3
0.065217391,0.086956522,0.097826087,0,0.032608696,0.043478261,0.076086957,0.076086957,0.076086957,0.076086957,0,0,0.032608696,0.043478261,0.054347826,0.054347826,0.076086957,0.043478261,0.043478261,0.010869565,-0.021978022,1.046043956,5,2,1,1,5,2
0.025423729,0.016949153,0.169491525,0.050847458,0.008474576,0.016949153,0.076271186,0.033898305,0.050847458,0.084745763,0.016949153,0.008474576,0.06779661,0,0.059322034,0.059322034,0.050847458,0.042372881,0.042372881,0.101694915,-0.461206897,1.055258621,1,1,1,1,0,1
0.032258065,0.058823529,0.111954459,0.036053131,0.026565465,0.024667932,0.055028463,0.04743833,0.056925996,0.09487666,0.017077799,0.022770398,0.064516129,0.055028463,0.051233397,0.05313093,0.039848197,0.030360531,0.045540797,0.056925996,-0.380077369,1.030947776,4,5,1,2,2,4
0.019083969,0.041984733,0.083969466,0.057251908,0,0.007633588,0.122137405,0.099236641,0.038167939,0.064885496,0.011450382,0.019083969,0.076335878,0.049618321,0.061068702,0.049618321,0.026717557,0.030534351,0.053435115,0.06870229,-0.574708171,1.018638132,1,1,1,1,1,5
0.021806854,0.049844237,0.080996885,0.012461059,0.080996885,0.009345794,0.040498442,0.065420561,0.049844237,0.112149533,0.009345794,0.021806854,0.090342679,0.031152648,0.043613707,0.052959502,0.046728972,0.034267913,0.049844237,0.07788162,-0.667301587,0.984412698,4,1,1,2,1,4
0.015555556,0.035555556,0.06,0.017777778,0.017777778,0.024444444,0.148888889,0.128888889,0.044444444,0.14,0.011111111,0.033333333,0.088888889,0.026666667,0.026666667,0.031111111,0.022222222,0.033333333,0.026666667,0.048888889,-0.34638009,0.957149321,2,2,1,2,1,5
0.05,0.055555556,0.1,0.061111111,0.033333333,0.033333333,0.05,0.061111111,0.055555556,0.072222222,0.011111111,0.016666667,0.044444444,0.022222222,0.072222222,0.044444444,0.05,0.044444444,0.05,0.055555556,-0.236723164,1.04180791,3,2,1,2,2,3
0.054854981,0.068095839,0.097730139,0.051071879,0.008196721,0.020807062,0.063682219,0.048549811,0.047288777,0.06998739,0.013871375,0.038461538,0.045397226,0.019546028,0.069356873,0.044766709,0.063682219,0.04665826,0.064312736,0.044136192,-0.325723473,1.037646302,2,1,2,5,2,1
0.03030303,0.080808081,0.106060606,0.045454545,0.015151515,0.04040404,0.093434343,0.113636364,0.032828283,0.080808081,0.01010101,0.027777778,0.065656566,0.025252525,0.03030303,0.03030303,0.035353535,0.025252525,0.042929293,0.050505051,0.107712082,0.998508997,1,4,0,0,0,1
0.049158547,0.050044287,0.08635961,0.036758193,0.015057573,0.024800709,0.052258636,0.046058459,0.063330381,0.102302923,0.011514615,0.031443756,0.033658105,0.019929141,0.077945084,0.052258636,0.063330381,0.04295837,0.079716563,0.041629761,-0.609981933,1.044376694,2,1,1,0,1,2
0.055341055,0.055341055,0.102960103,0.041184041,0.015444015,0.018018018,0.046332046,0.064350064,0.047619048,0.056628057,0.011583012,0.032175032,0.03989704,0.020592021,0.083655084,0.041184041,0.054054054,0.045045045,0.088803089,0.06048906,-0.55511811,1.044356955,5,2,1,1,1,4
0.070110701,0.081180812,0.066420664,0.040590406,0.040590406,0.014760148,0.05904059,0.040590406,0.055350554,0.073800738,0.029520295,0.055350554,0.05904059,0.029520295,0.018450185,0.029520295,0.051660517,0.070110701,0.055350554,0.040590406,-0.138345865,0.985112782,1,1,1,1,4,1
0.009925558,0.084367246,0.133995037,0.029776675,0.014888337,0.012406948,0.124069479,0.086848635,0.032258065,0.039702233,0.022332506,0.024813896,0.066997519,0.029776675,0.052109181,0.017369727,0.049627792,0.027295285,0.019851117,0.104218362,-0.129292929,1.021540404,1,1,1,1,1,2
0.021864212,0.049482163,0.073647871,0.035673188,0.029919448,0.010356732,0.058688147,0.066743383,0.044879171,0.087456847,0.012658228,0.024165708,0.060989643,0.035673188,0.111622555,0.055235903,0.035673188,0.026467204,0.062140391,0.077100115,-0.905046948,1.037910798,2,0,0,0,0,4
0.021864212,0.049482163,0.073647871,0.035673188,0.029919448,0.010356732,0.058688147,0.066743383,0.044879171,0.087456847,0.012658228,0.024165708,0.060989643,0.035673188,0.111622555,0.055235903,0.035673188,0.026467204,0.062140391,0.077100115,-0.905046948,1.037910798,5,2,1,5,1,3
0.038297872,0.046808511,0.090425532,0.036170213,0.022340426,0.018085106,0.076595745,0.067021277,0.04787234,0.09787234,0.015957447,0.012765957,0.073404255,0.031914894,0.061702128,0.038297872,0.04893617,0.029787234,0.056382979,0.071276596,-0.522860238,1.016684724,4,1,1,1,1,2
0.027874564,0.069686411,0.108013937,0.031358885,0.020905923,0.013937282,0.111498258,0.083623693,0.038327526,0.059233449,0.020905923,0.027874564,0.069686411,0.020905923,0.06271777,0.048780488,0.048780488,0.024390244,0.024390244,0.069686411,-0.203900709,1.020921986,2,1,1,1,1,5
0.03343949,0.046178344,0.084394904,0.00955414,0.011146497,0.012738854,0.101910828,0.100318471,0.041401274,0.084394904,0.006369427,0.015923567,0.103503185,0.017515924,0.074840764,0.036624204,0.038216561,0.02388535,0.071656051,0.066878981,-0.657792208,0.996152597,1,1,1,1,0,4
0.052980132,0.046357616,0.059602649,0.052980132,0,0.066225166,0.072847682,0.072847682,0.079470199,0.026490066,0,0.013245033,0.013245033,0.006622517,0.139072848,0.039735099,0.112582781,0.039735099,0.052980132,0.039735099,-0.653691275,1.09261745,5,4,3,3,3,2
0.04109589,0.059360731,0.068493151,0.0456621,0.01826484,0.02283105,0.109589041,0.059360731,0.063926941,0.068493151,0.00913242,0.02283105,0.04109589,0.00913242,0.059360731,0.059360731,0.04109589,0.073059361,0.059360731,0.050228311,-0.427906977,1.036325581,5,1,0,1,1,2
0.048780488,0.043902439,0.073170732,0.043902439,0.026829268,0.02195122,0.048780488,0.07804878,0.046341463,0.092682927,0.004878049,0.019512195,0.070731707,0.024390244,0.063414634,0.048780488,0.051219512,0.041463415,0.080487805,0.051219512,-0.631094527,1.009179104,2,5,1,1,0,4
0.0243309,0.097323601,0.116788321,0.0243309,0.0243309,0.03649635,0.082725061,0.085158151,0.053527981,0.058394161,0.00729927,0.02189781,0.051094891,0.02676399,0.04622871,0.04136253,0.04622871,0.02676399,0.04136253,0.068126521,-0.042183623,1.026600496,2,1,2,2,1,2
0.032160804,0.060301508,0.107537688,0.030150754,0.029145729,0.025125628,0.064321608,0.089447236,0.057286432,0.063316583,0.017085427,0.027135678,0.071356784,0.026130653,0.059296482,0.049246231,0.049246231,0.025125628,0.025125628,0.072361809,-0.317418033,1.006157787,2,2,2,2,2,3
0.015075377,0.035175879,0.165829146,0.030150754,0.010050251,0.020100503,0.110552764,0.060301508,0.010050251,0.075376884,0,0.005025126,0.125628141,0.020100503,0.070351759,0.08040201,0.015075377,0.025125628,0.015075377,0.095477387,-0.332653061,1.042704082,0,0,5,0,1,1
0.044444444,0.059259259,0.113580247,0.051851852,0.024691358,0.014814815,0.069135802,0.051851852,0.064197531,0.069135802,0.009876543,0.044444444,0.051851852,0.019753086,0.051851852,0.034567901,0.034567901,0.051851852,0.083950617,0.037037037,-0.196231156,1.027512563,2,2,1,2,1,2
0.056949153,0.058983051,0.096271186,0.034576271,0.022372881,0.021694915,0.061016949,0.057627119,0.072542373,0.085423729,0.013559322,0.042033898,0.048813559,0.029152542,0.050847458,0.031186441,0.052881356,0.057627119,0.040677966,0.046779661,-0.254664824,1.006682792,4,1,1,2,1,4
0.055658627,0.064935065,0.098330241,0.072356215,0.014842301,0.016697588,0.055658627,0.098330241,0.048237477,0.06864564,0.00742115,0.029684601,0.064935065,0.011131725,0.072356215,0.044526902,0.048237477,0.024118738,0.016697588,0.06864564,-0.082230624,0.995652174,4,2,1,2,1,5
0.047976012,0.059970015,0.095952024,0.035982009,0.029985007,0.007496252,0.061469265,0.052473763,0.046476762,0.091454273,0.023988006,0.023988006,0.032983508,0.022488756,0.083958021,0.044977511,0.047976012,0.044977511,0.061469265,0.064467766,-0.487155963,1.042247706,5,5,2,3,2,4
0.040877368,0.064805583,0.072781655,0.033898305,0.026919242,0.024925224,0.045862413,0.064805583,0.04885344,0.148554337,0.005982054,0.030907278,0.074775673,0.019940179,0.054835494,0.047856431,0.033898305,0.051844467,0.051844467,0.036889332,-0.418800813,0.984227642,1,1,0,1,1,2
0.029850746,0.024875622,0.069651741,0.039800995,0.019900498,0.039800995,0.084577114,0.059701493,0.029850746,0.104477612,0.009950249,0.029850746,0.119402985,0.024875622,0.054726368,0.059701493,0.044776119,0.029850746,0.009950249,0.099502488,-0.713131313,0.992424242,1,1,5,1,1,1
0.019815994,0.066525124,0.091295117,0.016985138,0.014154282,0.016277424,0.086341118,0.092710545,0.045293701,0.10403397,0.021939137,0.01910828,0.115357396,0.014154282,0.062986553,0.048832272,0.030431706,0.023354565,0.021939137,0.06935598,-0.427128427,0.972265512,5,2,1,1,1,2
0.034764826,0.055214724,0.120654397,0.053169734,0.026584867,0.024539877,0.053169734,0.049079755,0.040899796,0.069529652,0.006134969,0.040899796,0.065439673,0.047034765,0.057259714,0.036809816,0.038854806,0.034764826,0.059304703,0.067484663,-0.341458333,1.034520833,2,2,4,1,1,3
0.045627376,0.057034221,0.098859316,0.020912548,0.014258555,0.019011407,0.063688213,0.042775665,0.048479087,0.077946768,0.001901141,0.02851711,0.02661597,0.024714829,0.1121673,0.061787072,0.051330798,0.046577947,0.086501901,0.052281369,-0.746705426,1.079418605,0,0,4,2,1,1
0.049038462,0.050961538,0.070192308,0.0375,0.017307692,0.022115385,0.044230769,0.076923077,0.0625,0.081730769,0.003846154,0.017307692,0.038461538,0.021153846,0.118269231,0.040384615,0.058653846,0.059615385,0.076923077,0.033653846,-0.759019608,1.040705882,1,1,4,4,1,1
0.029027576,0.052249637,0.120464441,0.046444122,0.018867925,0.01161103,0.092888244,0.065312046,0.04934688,0.084179971,0.027576197,0.018867925,0.098693759,0.02467344,0.046444122,0.052249637,0.037735849,0.013062409,0.023222061,0.068214804,-0.163757396,1.005473373,2,2,2,2,5,2
0.051948052,0.056277056,0.108225108,0.038961039,0.012987013,0.03030303,0.064935065,0.077922078,0.060606061,0.043290043,0.017316017,0.025974026,0.03030303,0.034632035,0.073593074,0.073593074,0.038961039,0.021645022,0.051948052,0.069264069,-0.367400881,1.05753304,1,1,1,1,0,4
0.037406484,0.097256858,0.135494597,0.032418953,0.02244389,0.024106401,0.080631754,0.067331671,0.055694098,0.070656692,0.012468828,0.027431421,0.073981712,0.016625104,0.044056525,0.046550291,0.033250208,0.018287614,0.029925187,0.054862843,0.231949153,1.014618644,2,1,0,0,1,1
0.015418502,0.024229075,0.077092511,0.026431718,0.030837004,0.013215859,0.129955947,0.077092511,0.055066079,0.09030837,0.008810573,0.039647577,0.09030837,0.011013216,0.099118943,0.030837004,0.026431718,0.022026432,0.039647577,0.074889868,-0.633856502,1.014596413,0,0,0,0,0,1
0.038167939,0.064885496,0.145038168,0.030534351,0.038167939,0.015267176,0.103053435,0.057251908,0.030534351,0.064885496,0.007633588,0.019083969,0.072519084,0.045801527,0.049618321,0.030534351,0.053435115,0.022900763,0.034351145,0.057251908,0.062256809,1.043774319,1,1,1,2,1,1
0.029585799,0.035502959,0.118343195,0.026627219,0.026627219,0.014792899,0.073964497,0.076923077,0.073964497,0.103550296,0.014792899,0.023668639,0.094674556,0.014792899,0.082840237,0.050295858,0.023668639,0.00591716,0.038461538,0.053254438,-0.339156627,1.007078313,1,1,0,0,1,3
0.047409041,0.081587652,0.084895259,0.051819184,0.005512679,0.024255788,0.061742007,0.067254686,0.065049614,0.057331863,0.008820287,0.031973539,0.042998897,0.023153252,0.069459757,0.037486218,0.061742007,0.05292172,0.065049614,0.040793826,-0.335168539,1.025707865,4,1,0,1,0,1
0.060465116,0.034108527,0.111627907,0.035658915,0.052713178,0.013953488,0.026356589,0.043410853,0.051162791,0.079069767,0.009302326,0.024806202,0.052713178,0.041860465,0.068217054,0.04496124,0.035658915,0.055813953,0.089922481,0.049612403,-0.530331754,1.042922591,1,1,1,4,1,3
0.078431373,0,0.058823529,0.039215686,0,0.039215686,0.019607843,0.039215686,0.058823529,0.078431373,0.039215686,0.019607843,0.058823529,0.039215686,0,0.078431373,0,0.039215686,0.176470588,0.137254902,-1.321568627,1.027058824,0,0,0,0,0,3
0.020491803,0.069672131,0.081967213,0.028688525,0.057377049,0.032786885,0.098360656,0.06147541,0.06557377,0.06557377,0.004098361,0.057377049,0.176229508,0.012295082,0.032786885,0.032786885,0.024590164,0.008196721,0.016393443,0.036885246,0.06375,0.946166667,0,0,0,0,0,2
0.043126685,0.029649596,0.09703504,0.02425876,0.037735849,0.005390836,0.051212938,0.061994609,0.045822102,0.110512129,0.005390836,0.018867925,0.091644205,0.043126685,0.053908356,0.067385445,0.021563342,0.037735849,0.075471698,0.059299191,-0.714010989,1.007252747,0,1,1,2,0,1
0.039772727,0.046401515,0.085227273,0.017045455,0.026515152,0.024621212,0.056818182,0.069128788,0.047348485,0.078598485,0.008522727,0.026515152,0.045454545,0.027462121,0.107007576,0.047348485,0.053977273,0.039772727,0.054924242,0.078598485,-0.817374517,1.044362934,2,3,1,2,1,2
0.058315335,0.088552916,0.084233261,0.049676026,0.012958963,0.028077754,0.045356371,0.062634989,0.043196544,0.066954644,0.012958963,0.047516199,0.034557235,0.01511879,0.084233261,0.036717063,0.071274298,0.034557235,0.062634989,0.041036717,-0.252643172,1.032488987,0,0,2,0,0,2
0.051792829,0.059760956,0.151394422,0.03187251,0.019920319,0.023904382,0.055776892,0.047808765,0.067729084,0.067729084,0.019920319,0.035856574,0.03187251,0.019920319,0.043824701,0.043824701,0.039840637,0.03187251,0.071713147,0.067729084,-0.099595142,1.047813765,2,2,1,1,1,2
0.036262204,0.051603905,0.10460251,0.018131102,0.018131102,0.026499303,0.068340307,0.041841004,0.059972106,0.093444909,0.005578801,0.0041841,0.078103208,0.022315202,0.085076709,0.066945607,0.040446304,0.039051604,0.071129707,0.048814505,-0.612802276,1.049957326,2,1,1,5,1,1
0.018,0.062,0.15,0.058,0.012,0.024,0.062,0.06,0.046,0.082,0.016,0.008,0.082,0.024,0.056,0.074,0.038,0.032,0.038,0.04,-0.124032587,1.038370672,5,2,2,2,3,2
0.030339806,0.072815534,0.149271845,0.03276699,0.012135922,0.016990291,0.095873786,0.091019417,0.053398058,0.08131068,0.020631068,0.02184466,0.055825243,0.016990291,0.049757282,0.052184466,0.026699029,0.020631068,0.025485437,0.05461165,0.14220297,1.022153465,2,1,0,1,0,2
0.05,0.0575,0.0925,0.0575,0.0325,0.025,0.065,0.065,0.055,0.0675,0.0225,0.0275,0.0625,0.025,0.0625,0.035,0.07,0.025,0.0325,0.0525,-0.169465649,1.019160305,1,1,0,0,0,4
0.011111111,0.066666667,0,0,0.088888889,0.011111111,0.022222222,0,0.055555556,0.022222222,0,0,0.3,0.022222222,0.066666667,0.188888889,0,0.011111111,0.122222222,0,-1.420224719,0.968988764,3,3,2,3,3,3
0.012084592,0.039274924,0.099697885,0.027190332,0.012084592,0.027190332,0.120845921,0.093655589,0.048338369,0.099697885,0.012084592,0.006042296,0.096676737,0.024169184,0.03021148,0.063444109,0.042296073,0.03021148,0.039274924,0.057401813,-0.428923077,1.002184615,4,3,2,5,2,3
0.063157895,0.026315789,0.157894737,0.052631579,0.026315789,0.026315789,0.042105263,0.031578947,0.052631579,0.057894737,0.015789474,0.052631579,0.005263158,0.026315789,0.068421053,0.063157895,0.026315789,0.068421053,0.063157895,0.057894737,-0.240106952,1.083743316,1,1,0,0,0,4
0.051845343,0.05711775,0.086994728,0.036906854,0.015817223,0.021968366,0.064147627,0.051845343,0.051845343,0.098418278,0.014059754,0.028998243,0.059753954,0.021089631,0.08172232,0.031634446,0.059753954,0.036906854,0.054481547,0.055360281,-0.450716846,1.024480287,2,2,2,2,1,2
0.025641026,0.108974359,0.032051282,0.044871795,0.012820513,0.012820513,0.038461538,0.076923077,0.076923077,0.096153846,0.019230769,0.019230769,0.134615385,0.038461538,0.070512821,0.038461538,0.025641026,0.012820513,0.044871795,0.051282051,-0.528104575,0.942352941,1,1,4,1,4,4
0.063953488,0.046511628,0.141472868,0.069767442,0.01744186,0.021317829,0.044573643,0.05620155,0.048449612,0.063953488,0.009689922,0.036821705,0.040697674,0.019379845,0.062015504,0.03875969,0.054263566,0.023255814,0.073643411,0.048449612,-0.040909091,1.048992095,4,2,1,1,1,1
0.018078021,0.048525214,0.182683159,0.050428164,0.027592769,0.018078021,0.071360609,0.056137012,0.037107517,0.082778306,0.019980971,0.018078021,0.053282588,0.039961941,0.033301618,0.041864891,0.04376784,0.051379638,0.025689819,0.060894386,0.01299709,1.044209505,1,1,0,0,1,2
0.022804054,0.082347973,0.118243243,0.037584459,0.005067568,0.01097973,0.094594595,0.084881757,0.060388514,0.069256757,0.009290541,0.017736486,0.076858108,0.028293919,0.062077703,0.059543919,0.046452703,0.02027027,0.012246622,0.061655405,-0.157192076,1.010525409,4,0,0,0,0,1
0.036172695,0.066511085,0.126021004,0.056009335,0.04084014,0.018669778,0.085180863,0.068844807,0.057176196,0.08168028,0.022170362,0.032672112,0.044340723,0.031505251,0.035005834,0.043173862,0.029171529,0.032672112,0.03033839,0.043173862,0.202734839,1.024280618,4,0,1,0,0,1
0,0.101449275,0.115942029,0.043478261,0.028985507,0.028985507,0.101449275,0.043478261,0.028985507,0.130434783,0,0,0.043478261,0.014492754,0.014492754,0.101449275,0.028985507,0.043478261,0.072463768,0.043478261,-0.098529412,1.055735294,0,0,1,0,4,1
0.071292776,0.062737643,0.104562738,0.047528517,0.018060837,0.013307985,0.05513308,0.059885932,0.040874525,0.051330798,0.010456274,0.041825095,0.034220532,0.023764259,0.078897338,0.038973384,0.038973384,0.042775665,0.081749049,0.064638783,-0.318217054,1.044767442,0,0,1,0,0,4
0.065968918,0.05296543,0.111639708,0.051379638,0.017126546,0.028544244,0.048842372,0.046622265,0.054234063,0.056454171,0.01649223,0.034887409,0.046939423,0.018712337,0.077703774,0.03837615,0.053599746,0.043450682,0.069457659,0.047256581,-0.259087969,1.048392626,0,0,0,5,0,0
0.054726368,0.084577114,0.149253731,0.019900498,0.044776119,0.014925373,0.059701493,0.039800995,0.019900498,0.074626866,0.009950249,0.039800995,0.034825871,0.029850746,0.049751244,0.049751244,0.054726368,0.034825871,0.054726368,0.064676617,0.004545455,1.05510101,4,2,1,1,1,3
0.064220183,0.04587156,0.097859327,0.03058104,0.01529052,0.024464832,0.03058104,0.021406728,0.082568807,0.06116208,0.027522936,0.04587156,0.064220183,0.024464832,0.091743119,0.033639144,0.058103976,0.058103976,0.064220183,0.039755352,-0.587538941,1.033395639,0,0,0,0,0,4
0.103896104,0.077922078,0.064935065,0.038961039,0.038961039,0.025974026,0.025974026,0.051948052,0.038961039,0.038961039,0.025974026,0.038961039,0.103896104,0,0.038961039,0.012987013,0.051948052,0.051948052,0.142857143,0.012987013,-0.138157895,0.987894737,2,4,3,0,2,4
0.01946472,0.075425791,0.111922141,0.03406326,0.01459854,0.01459854,0.058394161,0.068126521,0.04136253,0.058394161,0.01216545,0.03406326,0.109489051,0.02189781,0.075425791,0.02676399,0.04622871,0.02919708,0.082725061,0.04622871,-0.470471464,1.00528536,2,5,0,1,1,2
0.04887218,0.026315789,0.056390977,0.045112782,0.054511278,0.013157895,0.05075188,0.052631579,0.058270677,0.080827068,0.011278195,0.020676692,0.039473684,0.073308271,0.084586466,0.060150376,0.020676692,0.041353383,0.095864662,0.046992481,-0.862835249,1.057624521,0,4,0,0,0,1
0.044176707,0.063253012,0.107429719,0.039156627,0.015060241,0.020080321,0.052208835,0.058232932,0.063253012,0.082329317,0.011044177,0.03313253,0.06626506,0.03313253,0.067269076,0.043172691,0.054216867,0.025100402,0.0562249,0.046184739,-0.344216991,1.020849539,0,2,0,0,0,1
0.059210526,0.072368421,0.092105263,0.019736842,0.019736842,0.013157895,0.105263158,0.052631579,0.065789474,0.039473684,0.013157895,0.032894737,0.065789474,0.019736842,0.072368421,0.019736842,0.065789474,0.026315789,0.046052632,0.085526316,-0.295333333,1.0256,,,,,,
0.042704626,0.051601423,0.097864769,0.040925267,0.007117438,0.033807829,0.060498221,0.024911032,0.042704626,0.103202847,0.007117438,0.014234875,0.024911032,0.024911032,0.106761566,0.049822064,0.048042705,0.03024911,0.108540925,0.060498221,-0.71215971,1.096515426,,,,,,
0.062972292,0.050377834,0.118387909,0.032745592,0.020151134,0.022670025,0.060453401,0.080604534,0.042821159,0.055415617,0.012594458,0.040302267,0.057934509,0.042821159,0.055415617,0.052896725,0.040302267,0.025188917,0.04534005,0.062972292,-0.233846154,1.024948718,,,,,,
